Setup Backend API,Create all necessary API endpoints,2024-02-01,2024-06-30,In Progress,Keven,Unassigned
Implement Auth Endpoints,User registration and login,2024-02-15,2024-03-15,In Progress,Keven,Unassigned
Design UI/UX,Create wireframes and mockups,2024-01-15,2024-04-30,Completed,Alice,Analytics Inc
Develop iOS App,Build the iOS version,2024-04-01,2024-08-31,Not Started,Bob,Unassigned
Develop Android App,Build the Android version,2024-04-01,2024-08-31,Not Started,Bob,Unassigned
Test Application,Perform QA on both platforms,2024-09-01,2024-10-31,Not Started,Charlie,Analytics Inc
Define KPIs,Define key performance indicators,2024-05-10,2024-05-31,Completed,Diana,Unassigned
Setup Data Warehouse,Create and configure the data warehouse,2024-06-01,2024-07-31,In Progress,Diana,Data Storage Solutions
Develop UI,Develop the dashboard interface,2024-08-01,2024-10-31,Not Started,Frank,Unassigned
Build Front End,Construct front end design,2025-04-01,2025-0420,In progress,Unassigned,Unassigned
	Design UI/UX,Use Figma to design,2025-04-01,2025-04-20,In progress,Unassigned,Unassigned
